Author,Year,NumberInDatabase,#Studies,#DatapointsFinal,StudyYear,Taxa,Orders,Infrastructure,Location,Habitat,Quality,Origin,Citation
Barrows et al. ,2006,1,3,120,2002-2004,"Mammals,Reptiles","Rodentia (2 sp.), Squamata (4 sp.)",Paved road,"Coachella Valley, California, USA",Desert,"2 (a=1,b=1)",Benitez-Lopez et al. 2012,"Barrows, C. W., Allen, M. F., & Rotenberry, J. T. (2006). Boundary processes between a desert sand dune community and an encroaching suburban landscape. Biological Conservation, 131(4), 486-494."
Bautista et al. ,2004,2,2,34,1999-2000,Birds,"Accipitriformes (8 sp.), Falconiformes (1 sp.)",Paved road,"Madrid region, Spain",Mediterranean forest,"1 (a=1,b=0)",Benitez-Lopez et al. 2012,"Bautista, L. M., García, J. T., Calmaestra, R. G., Palacín, C., Martín, C. A., Morales, M. B., ... & Viñuela, J. (2004). Effect of weekend road traffic on the use of space by raptors. Conservation Biology, 18(3), 726-732."
Clark & Karr,1979,4,4,40,1976,Birds,Passeriformes (2 sp.),"Paved road, Highway","Illinois, USA",Agricultural,"1 (a=1,b=0)",Benitez-Lopez et al. 2012,"Clark, W. D., & Karr, J. R. (1979). Effects of highways on Red-winged Blackbird and Horned Lark populations. The Wilson Bulletin, 143-145."
Delgado et al. ,2004,5,1,16,,Birds,"Passeriofrmes (7 sp.), Columbiformes (1 sp.)",Paved road,"Tenerife, Spain",Laurel forest,"1 (a=1,b=0)",Benitez-Lopez et al. 2012,"Delgado, J. D., Arévalo, J. R., & Fernández-Palacios, J. M. (2004). Consecuencias de la fragmentación viaria: efectos de borde de las carreteras en la laurisilva y el pinar de Tenerife. Ecología Insular/Island Ecology. Asociación Española de Ecología Terrestre (AEET)-Cabildo Insular de la Palma, 181-225."
Develey & Stouffer,2001,6,2,36,1999,Birds,Passeriformes (9 sp.),Unpaved road,"Central Amazon, Brazil",Tropical rainforest,"2 (a=1,b=1)",Benitez-Lopez et al. 2012,"Develey, P. F., & Stouffer, P. C. (2001). Effects of roads on movements by understory birds in mixed‐species flocks in central Amazonian Brazil. Conservation biology, 15(5), 1416-1422."
Gill et al. ,1996,7,1,4,1992-1993,Birds,Anseriformes (1 sp.),Paved roads,"Scolt Head Island, UK",Agricultural,"1 (a=1,b=0)",Benitez-Lopez et al. 2012,"Gill, J. A., Sutherland, W. J., & Watkinson, A. R. (1996). A method to quantify the effects of human disturbance on animal populations. Journal of applied Ecology, 786-792."
Kuitunen et al. ,1998,9,1,108,1992,Birds,"Charadriiformes (3 sp.), Galliformes (1 sp.), Piciformes (2 sp.), Cuculiformes (1 sp.), Columbiformes (1 sp.), Caprimulgiformes (1 sp.), Passeriformes (45 sp.)",Highway,"Jyväskylä region, Finland",Boreal forest,"1 (a=1,b=0)",Benitez-Lopez et al. 2012,"Kuitunen, M., Rossi, E., & Stenroos, A. (1998). Do highways influence density of land birds?. Environmental management, 22(2), 297-302."
Lane et al. ,2001,10,2,47,1997-1999,Birds,Otidiformes (1 sp.),"Paved road, powerline","Madrid province, Spain",Agricultural,"1 (a=1,b=0)",Benitez-Lopez et al. 2012,"Lane, S. J., Alonso, J. C., & Martín, C. A. (2001). Habitat preferences of great bustard Otistarda flocks in the arable steppes of central Spain: are potentially suitable areas unoccupied?. Journal of applied ecology, 38(1), 193-203."
Laurance et al. ,2006,11,1,10,2004,Mammals,"Artiodactyla (1 sp), Proboscidea (1 sp)",Unpaved road,"Loango & Moukalaba-Doudou, Gabon",Tropical rainforest,"1 (a=1,b=0)",Benitez-Lopez et al. 2012,"Laurance, W. F., Croes, B. M., Tchignoumba, L., Lahm, S. A., Alonso, A., Lee, M. E., ... & Ondzeano, C. (2006). Impacts of roads and hunting on central African rainforest mammals. Conservation Biology, 20(4), 1251-1261."
Malcolm & Ray,2000,12,6,98,1993-1994,Mammals,"Rodentia (13 sp.), Eulipotyphla (1 sp.)","Unpaved road, skid trail","Bayaga, Central Africal Repoublic",Tropical rainforest,"2 (a=1,b=1)",Benitez-Lopez et al. 2012,"Malcolm, J. R., & Ray, J. C. (2000). Influence of timber extraction routes on central African small-mammal communities, forest structure, and tree diversity. Conservation Biology, 14(6), 1623-1638."
Meunier et al. ,1999A,13,3,384,1994-1997,Birds,"Passeriformes (49 sp.), Accipitriformes (6 sp.), Columbiformes (3 sp.), Piciformes (1 sp.), cuculiformes (1 sp.), Bucerotiformes (1 sp.), Galliformes (2 sp.), Caprimulgiformes (1 sp.)",Highway,"Nîmes, Bordeax & Niort, France","Woodland, argricultural, matoral","1 (a=1,b=0)",Benitez-Lopez et al. 2012,"Meunier, F. D., Verheyden, C., & Jouventin, P. (1999). Bird communities of highway verges: influence of adjacent habitat and roadside management. Acta Oecologica, 20(1), 1-13."
Meunier et al. ,2000,14,2,12,1996-1997,Birds,"Accipitriformes (2 sp.), Falconiformes (1 sp.)","Highway, paved road","Niort, France",Agricultural,"1 (a=1,b=0)",Benitez-Lopez et al. 2012,"Meunier, F. D., Verheyden, C., & Jouventin, P. (2000). Use of roadsides by diurnal raptors in agricultural landscapes. Biological Conservation, 92(3), 291-298."
Rich et al. ,1994,15,3,6,1991,Birds,Passeriformes (1 sp.),"Unpaved road, paved road, powerline","New Jersey, USA",Forest,"1 (a=1,b=0)",Benitez-Lopez et al. 2012,"Rich, A. C., Dobkin, D. S., & Niles, L. J. (1994). Defining forest fragmentation by corridor width: the influence of narrow forest‐dividing corridors on forest‐nesting birds in southern New Jersey. Conservation Biology, 8(4), 1109-1121."
Astudillo et al. ,2014,16,1,56,2011-2012,Birds,"Passeriformes (24 sp.), Caprimulgiformes (3 sp.), Chardriiformes (1 sp.)",Paved road,"Cajas National Park, Ecuador",Grassland,"1 (a=1,b=0)",Search string,"Astudillo, P. X., Samaniego, G. M., Machado, P. J., Aguilar, J. M., Tinoco, B. A., Graham, C. H., ... & Farwig, N. (2014). The impact of roads on the avifauna of páramo grasslands in Cajas National Park, Ecuador. Studies on neotropical fauna and environment, 49(3), 204-212."
Clarke et al. ,2013,17,9,54,1988-2006,Birds,Charadriiformes (1 sp.),"Highway, paved road","Breckland district, UK",Agricultural,"1 (a=1,b=0)",Search string,"Clarke, R. T., Liley, D., Sharp, J. M., & Green, R. E. (2013). Building development and roads: Implications for the distribution of stone curlews across the Brecks. PloS one, 8(8)."
Goodwin et al. ,2011,18,1,16,2009,Birds,"Passeriformes (7 sp.), Cuculiformes (1 sp.)",Paved road,"Prince William County, Virginia, USA",Boreal forest,"1 (a=1,b=0)",Search string,"Goodwin, S. E., & Shriver, W. G. (2011). Effects of traffic noise on occupancy patterns of forest birds. Conservation Biology, 25(2), 406-411."
Herrera-Montes et al. ,2011,19,2,86,2009,"Birds, Amphibians","Passeriformes (10 sp.), Cuculiformes (2 sp.), Piciformes (1 sp.), Coraciiformes (1 sp.) Columbiformes (2 sp.), Strigiformes (1 sp.), Accipitriformes (1 sp.), Anura (6 sp.)",Highway,"San Juan, Puerto Rico","Karst forest, Subtropical lowland forest","2 (a=1,b=1)",Search string,"Herrera-Montes, M. I., & Aide, T. M. (2011). Impacts of traffic noise on anuran and bird communities. Urban Ecosystems, 14(3), 415-427."
Polak et al. ,2013,22,1,117,2011,Birds,"Passeriformes (32 sp.), Piciformes (3 sp.), Columbiformes (2 sp.), Cuculiformes (1 sp.), Accipitriformes (1 sp.)",Paved road,"Janów forest, Poland",Coniferous forest,"1 (a=1,b=0)",Search string,"Polak, M., Wiącek, J., Kucharczyk, M., & Orzechowski, R. (2013). The effect of road traffic on a breeding community of woodland birds. European Journal of Forest Research, 132(5-6), 931-941."
Reijnen & Foppen,1994,23,2,6,1988-1991,Birds,Passeriformes (1 sp.),Highway,"Bolgerijen-Autena, the Netherlands","Grassland, shrubland","2 (a=1,b=1)",Benitez-Lopez et al. 2012,"Reijnen, R., & Foppen, R. (1994). The effects of car traffic on breeding bird populations in woodland. I. Evidence of reduced habitat quality for willow warblers (Phylloscopus trochilus) breeding close to a highway. Journal of Applied ecology, 85-94."
Reijnen et al. ,1995,25,2,122,1987-1988,Birds,"Passeriformes (33 sp.), Anseriformes (1 sp.), Accipitriformes (1 sp.), Columbiformes (2 sp.), Cuculiformes (1 sp.), Piciformes (3 sp.), Galliformes (1 sp.), Charadriiformes (1 sp.) ",Highway,Various locations spread across the Netherlands,"Deciduous woodland, coniferous woodland","1 (a=1,b=0)",Benitez-Lopez et al. 2012,"Reijnen, R., Foppen, R., Braak, C. T., & Thissen, J. (1995). The effects of car traffic on breeding bird populations in woodland. III. Reduction of density in relation to the proximity of main roads. Journal of Applied ecology, 187-202."
van der Zande et al. ,1980,28,5,80,"1968-1971, 1974",Birds,Charadriiformes (4 sp.),"Highway, paved road","South & North Holland, the Netherlands",Grassland,"1 (a=1,b=0)",Benitez-Lopez et al. 2012,"Van der Zande, A. N., Ter Keurs, W. J., & Van der Weijden, W. J. (1980). The impact of roads on the densities of four bird species in an open field habitat—evidence of a long-distance effect. Biological conservation, 18(4), 299-321."
Wiacek et al. ,2015,30,1,57,2012,Birds,"Passeriformes (17 sp.), Piciformes (2 sp.)",Paved road,"Janów forest, Poland",Coniferous forest,"1 (a=1,b=0)",Search string,"Wiącek, J., Polak, M., Kucharczyk, M., & Bohatkiewicz, J. (2015). The influence of road traffic on birds during autumn period: Implications for planning and management of road network. Landscape and Urban Planning, 134, 76-82."
Wiacek & Polak,2015,32,1,51,2013-2014,Birds,"Passeriformes (15 sp.), Piciformes (2 sp.)",Paved road,"Janów forest, Poland",Coniferous forest,"1 (a=1,b=0)",Search string,"Wiącek, J., & Polak, M. (2015). Does traffic noise affect the distribution and abundance of wintering birds in a managed woodland?. Acta Ornithologica, 50(2), 233-245."
Xu et al. ,2013,33,1,3,,Birds,Passeriformes (1 sp.),Highway,"Taklimakan desert, China",Desert,"1 (a=1,b=0)",Search string,"Xu, F., Yang, W., Xu, W., Xia, C., Liao, H., & Blank, D. (2013). The effects of the Taklimakan desert highway on endemic birds Podoces biddulphi. Transportation Research Part D: Transport and Environment, 20, 12-14."
Roedenbeck et al. ,2008,34,2,10,"2003,2005",Mammals,Lagomorpha (1 sp.),Paved road,"Aargau, Switzerland",Agricultural,"1 (a=1,b=0)",Benitez-Lopez et al. 2012,"Roedenbeck, I. A., & Voser, P. (2008). Effects of roads on spatial distribution, abundance and mortality of brown hare (Lepus europaeus) in Switzerland. European Journal of Wildlife Research, 54(3), 425-437."
Rost & Bailey,1979,35,6,24,1973-1974,Mammals,"Artiodactyla (1 sp.), Cetartiodactyla (1 sp.)","Highway, paved road, gravel road, dirt road","Colorado, USA","Shrubland, coniferous forest","1 (a=1,b=0)",Benitez-Lopez et al. 2012,"Rost, G. R., & Bailey, J. A. (1979). Distribution of mule deer and elk in relation to roads. The Journal of Wildlife Management, 634-641."
Yost & Wright,2001,37,12,12,1996-1997,Mammals,"Cetartiodactyla (2 sp.), Carnivora (1 sp.)",Paved road,"Denali national park, Alaska, USA",Shrubland,"1 (a=1,b=0)",Benitez-Lopez et al. 2012,"Yost, A. C., & Wright, R. G. (2001). Moose, caribou, and grizzly bear distribution in relation to road traffic in Denali National Park, Alaska. Arctic, 41-48."
Canaday,1996,38,12,12,1989,Birds,Passeriformes (4 sp.),Paved road ,"Cuyabeno Reserve, Equador",Tropical rainforest,"2 (a=1,b=1)",Benitez-Lopez et al. 2012,"Canaday, C. (1996). Loss of insectivorous birds along a gradient of human impact in Amazonia. Biological Conservation, 77(1), 63-77."
Hoskins & Goosem,2010,39,2,15,2007,Amphibians,Anura (2 sp.),Highway,"Queensland, Australia",Tropical rainforest,"1 (a=1,b=0)",Search string,"Hoskin, C. J., & Goosem, M. W. (2010). Road impacts on abundance, call traits, and body size of rainforest frogs in northeast Australia. Ecology and society, 15(3)."
Brehme,2003,40,3,30,2001,"Mammals, Reptiles","Rodentia (3 sp.), Squamata (2 sp.)","Highway, paved road, dirt road","San Diego County, USA",Coastal sage scrub,"1 (a=1,b=0)",Search string,"Brehme, C. S. (2003). Responses of Small Terrestrial Vertebrates to Roads in Coastal Sage Scrub Ecosystem."
Carthew et al.,2013A,41,4,70,1999-2000,"Mammals, Reptiles, Amphibians","Anura (4 sp.), Squamata (6 sp.), Rodentia (3 sp.), Dasyuromorphia (1 sp.)","Seismic line, fire trail","Nangwarry Native Forest Reserve, Australia",Sclerophyl woodland,"1 (a=1,b=0)",Search string,"Carthew, S. M., Jones, K. M., & Lawes, M. (2013). Responses of small vertebrates to linear clearings in a South Australian woodland. Ecological research, 28(6), 1003-1010."
Dorland et al.,2014,42,1,2,2011,Reptiles,Testudines (1 sp.),"Highway, paved road","Ottowa region, Canada","Forest, grassland","1 (a=1,b=0)",Search string,"Dorland, A., Rytwinski, T., & Fahrig, L. (2014). Do roads reduce painted turtle (Chrysemys picta) populations?. PloS one, 9(5)."
Boarman and Sazaki,2006,43,1,4,1991,Reptiles,Testudines (1 sp.),Highway,"Mojave desert, USA",Desert,"1 (a=1,b=0)",Search string,"Boarman, W. I., & Sazaki, M. (2006). A highway's road-effect zone for desert tortoises (Gopherus agassizii). Journal of Arid Environments, 65(1), 94-101."
Smith et al,2015,44,2,220,2012-2013,"Reptiles, Amphibians, Mammals","Squamata (35 sp.), Anura (17 sp.), Caudata (1 sp.), Rodentia (6 sp.), Elipotyphla (4 sp.)",Paved road,"Marion County, Florida, USA",Mixed pine forest,"2 (a=1,b=1)",Discussion literature,"Smith, D.J., M.K. Grace, H.R. Chasez and M.J.W. Noss. 2015. State Road 40 Pre-Construction Wildlife Movement Monitoring: Areas A, B and F. Final Report, Contract No. BDK78, TWO #501-3. Florida Department of Transportation, District Five, Deland, FL. 90 pp. + appendices."
Chiarello et al.,2010,45,1,3,2004-2006,Reptiles,Squamata (1 sp.),Dirt road,"Espirito Santo state, Brazil",Atlantic forest,"2 (a=1,b=1)",Search string,"Chiarello, A., Srbek-Araujo, A., Del-Duque Jr, H., de Coelho, E., & Rocha, C. (2010). Abundance of tegu lizards (Tupinambis merianae) in a remnant of the Brazilian Atlantic forest. Amphibia-Reptilia, 31(4), 563-570."
Ballasus & Sossinka,1997,47,4,42,1994-1995,Birds,Anseriformes (1 sp.),Powerline,"North Rhine Westfalia, Germany","Grassland, agricultural","1 (a=1,b=0)",Benitez-Lopez et al. 2012,"Ballasus, H., & Sossinka, R. (1997). The impact of power lines on field selection and grazing intensity of wintering White-fronted-and Bean Geese Anser albifrons, A. fabalis. Journal Fur Ornithologie, 138(2), 215-228."
Bayne et al. ,2016,49,2,236,2002-2014,Birds,"Passeriformes (50 sp.), Piciformest (5 sp.), Charadriiformes (3 sp.), Galliformes (1 sp.)","Seismic line, pipeline","Alberta, USA & Northwest terrirories, Canada",Boreal forest,"1 (a=1,b=0)",Benitez-Lopez et al. 2012,"Bayne, E., Leston, L., Mahon, C. L., Sólymos, P., Machtans, C., Lankau, H., ... & Schmiegelow, F. K. (2016). Boreal bird abundance estimates within different energy sector disturbances vary with point count radius. The Condor: Ornithological Applications, 118(2), 376-390."
Cameron et al. ,1992,51,1,6,1982-1987,Mammals,Cetartiodactyla  (1 sp.),Unpaved road,"Prudhoe bay, Alaska, USA",Artctic tundra,"1 (a=1,b=0)",Benitez-Lopez et al. 2012,"Cameron, R. D., Reed, D. J., Dau, J. R., & Smith, W. T. (1992). Redistribution of calving caribou in response to oil field development on the Arctic Slope of Alaska. Arctic, 338-342."
Goosem & Marsh,1997,53,2,39,1992-1993,Mammals,Rodentia (5 sp.),Powerline,"Wooroonooran National Park, Australia",Tropical forest,"1 (a=1,b=0)",Benitez-Lopez et al. 2012,"Goosem, M., & Marsh, H. (1997). Fragmentation of a small-mammal community by a powerline corridor through tropical rainforest. Wildlife Research, 24(5), 613-629."
Nelleman et al. ,2001,54,1,3,1986-1998,Mammals,Cetartiodactyla  (1 sp.),Powerline,"Nordfjella, Norway",Artctic tundra,"2 (a=1,b=1)",Benitez-Lopez et al. 2012,"Nellemann, C., Vistnes, I., Jordhøy, P., & Strand, O. (2001). Winter distribution of wild reindeer in relation to power lines, roads and resorts. Biological conservation, 101(3), 351-360."
Newmark et al. ,1996,55,2,28,"1988, 1989, 1991, 1992",Mammals,"Bovidae (1 sp.), Equidae (1 sp.), Elephantidae (1 sp.)",Highway,"Mikumi national park, Tanzania","Woodland, grassland","1 (a=1,b=0)",Benitez-Lopez et al. 2012,"Newmark, W. D., Boshe, J. I., Sariko, H. I., & Makumbule, G. K. (1996). Effects of a highway on large mammals in Mikumi National Park, Tanzania. African Journal of Ecology, 34(1), 15-31."
Noel et al. ,2004,56,1,6,"1991,1994,1996,1998,1999,2000,2001",Mammals,Cetartiodactyla  (1 sp.),Unpaved road,"Prudhoe bay, Alaska, USA",Artctic tundra,"1 (a=1,b=0)",Benitez-Lopez et al. 2012,"Noel, L. E., Parker, K. R., & Cronin, M. A. (2004). Caribou distribution near an oilfield road on Alaska's North Slope, 1978–2001. Wildlife Society Bulletin, 32(3), 757-771."
Ortega & Capen,1999,57,1,6,1996,Birds,Passeriformes (1 sp.),Powerline,"Vermont, USA",Temperate forest,"1 (a=1,b=0)",Benitez-Lopez et al. 2012,"Ortega, Y. K., & Capen, D. E. (1999). Effects of forest roads on habitat quality for ovenbirds in a forested landscape. The Auk, 116(4), 937-946."
Vistnes & Nelleman,2001,58,1,2,1998-1999,Mammals,Cetartiodactyla  (1 sp.),Powerline,"Repparfjort, Norway",Arctic tundra,"2 (a=1,b=1)",Benitez-Lopez et al. 2012,"Vistnes, I., & Nellemann, C. (2001). Avoidance of cabins, roads, and power lines by reindeer during calving. The Journal of wildlife management, 915-925."
Kroodsma,1984,59,1,674,1977-1981,Birds,"Piciformes (3 sp.), Cuculiformes (1 sp.), Passeriformes (18 sp.)",Powerline,"Tenessee, USA",Temperate forest,"1 (a=1,b=0)",Benitez-Lopez et al. 2012,"Kroodsma, R. L. (1984). Effect of edge on breeding forest bird species. The Wilson Bulletin, 426-436."
Loyla,2019,63,6,141,2016-2018,Birds,Passeriformes(16 sp.),Pipeline,"Appalachian region, Ohio, USA",Forest,"2 (a=1,b=1)",Search string,"Lolya, L. M. (2019). Assessing Avian Responses to Habitat Management Along Pipeline Right-of-ways in Eastern Ohio (Doctoral dissertation, The Ohio State University)."
Mohd-Azlan,2018,64,1,135,2016-2017,"Mammals, Birds, Reptiles","Cetartiodactyla (4 sp.), Carnivora (10 sp.), Pholidota (1 sp.), Primates (1 sp.), Rodentia (3 sp.), Eulipotyphla (1 sp.), Passeriformes (5 sp.), Columbiformes (1 sp.), Squamata (1 sp.)",Paved road,"Kubah National Park, Borneo",Tropical forest,"1 (a=1,b=0)",Search string,"Mohd-Azlan, J. (2018). Distribution, relative abundance and occupancy of selected mammals along paved road in Kubah National Park, Sarawak, Borneo. Nature Conservation Research. Заповедная наука, 3(2)."
Storm & Choate,2012,65,3,54,2000,Mammals,"Rodentia (6 sp.), Eulipotyphla (3 sp.)",Powerline,"Roosevelt Arapahoe National Forest, Colorado, USA",Subalpine coniferous forest,"1 (a=1,b=0)",Search string,"Storm, J. J., & Choate, J. R. (2012). Structure and movements of a community of small mammals along a powerline right-of-way in subalpine coniferous forest. The Southwestern Naturalist, 57(4), 385-392."
Chen et al. ,2019A,66,2,27,2009,Mammals,"Eulipotyphla (1 sp.), Rodentia (8 sp.)",Paved road,"Shennongjia forest, Hubei province, China",Oriental deciduous forest,"2 (a=1,b=1)",Search string,"Chen, W., Zhong, J., Carson, W. P., Tang, Z., Xie, Z., Sun, S., & Zhou, Y. (2019). Proximity to roads disrupts rodents’ contributions to seed dispersal services and subsequent recruitment dynamics. Journal of Ecology, 107(6), 2623-2634."
Darling et al. ,2019,67,1,14,2005-2007,Mammals,"Rodentia (6 sp.), Eulipotyphla (1 sp.)",Pipelines,"Northwest territories & Alberta, Canada",Boreal forest,"1 (a=1,b=0)",Search string,"Darling, A. F., Leston, L., & Bayne, E. M. (2019). Small-mammal abundance differs between pipelines, edges, and interior boreal forest habitat. Canadian Journal of Zoology, 97(10), 880-894."
Raiter et al. ,2018,69,2,30,2013-2014,Mammals,Carnivora (3 sp.),Unpaved roads,"Great Western Woodlands, Australia","Woodland, shrubland","1 (a=1,b=0)",Search string,"Raiter, K. G., Hobbs, R. J., Possingham, H. P., Valentine, L. E., & Prober, S. M. (2018). Vehicle tracks are predator highways in intact landscapes. Biological Conservation, 228, 281-290."
Khamcha et al.,2018,73,2,30,2014-2016,"Mammals, reptiles","Squamata (10 sp.), Rodentia (2 sp.), Primates (1 sp.), Carnivora (1 sp.), Scandentia (1 sp.)",Highway,"Sakaerat Environmental Research Station, Thailand",Evergreen forest,"1 (a=0,b=1)",Search string,"Khamcha, D., Powell, L. A., & Gale, G. A. (2018). Effects of roadside edge on nest predators and nest survival of Asian tropical forest birds. Global Ecology and Conservation, 16, e00450."
Langenberger,2019,75,5,44,2005,Birds,Anseriformes (1 sp.),Paved road,"Hvanneyri, Iceland",Agricultural fields,"1 (a=0,b=1)",Search string,"Langenberger, K. C. (2019). Geese protection vs. settlement: The distribution and land use of Greenland White-fronted Geese on Hvanneyri fields and their reaction to disturbances (Doctoral dissertation)."
Cappa et al. ,2019,76,8,24,2011-2016,Mammals,Cetartiodactyla (1 sp.),"Paved road, unpaved road","Ischigualasto Provincial Park, Argentina",Open shrubland ,"1 (a=1,b=0)",Search string,"Cappa, F. M., Borghi, C. E., & Giannoni, S. M. (2019). How Roads Affect the Spatial Use of the Guanaco in a South American Protected Area: Human Connectivity vs Animal Welfare. Diversity, 11(7), 110."
Hughson et al. ,2013,78,2,10,2008-2010,Reptiles,Testudines (1 sp.),Paved road,"Mojave desert, USA",Desert shrubland,"2 (a=1,b=1)",Search string,"Hughson, D. L., & Darby, N. (2013). Desert tortoise road mortality in Mojave National Preserve, California. California Fish and Game, 99, 222-232."
Torres et al. ,2011,79,1,4,1997-2009,Birds,Otidiformes (1 sp.),Highway,"Iberian Peninsula, Spain",Agricultural,"2 (a=1,b=1)",Search string,"Aurora Torres,Carlos Palacín, Javier Seoane, Juan C. Alonso, Assessing the effects of a highway on a threatened species using Before–During–After and Before–During–After-Control–Impact designs, Biological Conservation, Volume 144, Issue 9, 2011, Pages 2223-2232,"
Floyd,2015,80,12,96,2009-2011,Reptiles,Squamata (2 sp.),"Highway, paved road","Chihuahuan desert, USA",Desert shrublands,"1 (a=1,b=0)",Search string,"Floyd, K. W. (2015). An assessment of the role of roads in population demography and genetic structuring in two species of lizards in the northern Chihuahuan Desert. The University of Texas at El Paso."
Delgado et al.,2008,81,3,56,1999,Birds,"Passeriformes (10 sp.), Columbiformes (3 sp.), Piciformes (1 sp.)","Paved road, unpaved road","Tenerife, Spain","Pine forest, laurel forest","1 (a=1,b=0)",Search string,"Delgado, J. D., Arévalo, J. R., & Fernández-Palacios, J. M. (2008). Bird communities in two oceanic island forests fragmented by roads on Tenerife, Canary Islands. Ostrich-Journal of African Ornithology, 79(2), 219-226."
Luck et al.,1999,82,2,154,1996,Birds,"Columbiformes (1 sp.), Psittaciformes (5 sp.), Passeriformes (39 sp.)",Road/dirt road,"Murray Mallee region, Australia",Mallee shrubland,"1 (a=1,b=0)",Search string,"Luck, G. W., Possingham, H. P., & Paton, D. C. (1999). Bird responses at inherent and induced edges in the Murray Mallee, South Australia. 1. Differences in abundance and diversity. Emu, 99(3), 157-169."
Chen et al. ,2019B,85,1,28,2013-2014,Mammals,Rodentia (7 sp.),Paved road,"Shennongjia, China",Oak forest,"2 (a=1,b=1)",Search string,"Chen, W., Xie, Z., & Zhou, Y. (2019). Proximity to roads reduces acorn dispersal effectiveness by rodents: Implication for forest regeneration and management. Forest Ecology and Management, 433, 625-632."
Pattison et al.,2020,87,1,34,2010-2013,Mammals,"Carnivora (10 sp.), Cetartiodactyla (2 sp.), Lagomorpha (1 sp.), Rodentia (2 sp.), Eulipotyphla (1 sp.), Mustelidae (1 sp.)",Seismic line,"Rocky mountains, Alberta, Canada",Boreal forest,"2 (a=1,b=1)",Search string,"Pattison, C. A., Castley, J. G., & Catterall, C. P. (2020). Seismic linear clearings alter mammal abundance and community composition in boreal forest landscapes. Forest Ecology and Management, 462, 117936."
Planillo et al. ,2018,90,2,10,2011-2012,Mammals,"Carnivora (4 sp.), Lagomorpha (1 sp.)",Highway,"Avila & Segovia, Spain",Agricultural,"1 (a=0,b=1)",Search string,"APA: Planillo, A., Mata, C., Manica, A., & Malo, J. E. (2018). Carnivore abundance near motorways related to prey and roadkills. The Journal of Wildlife Management, 82(2), 319-327."
Peaden et al.,2015,91,2,10,2012,Reptiles,Testudines (1 sp.),"Paved road, Highway","Ivanpah & Fenner valley, USA",Desert shrubland,"2 (a=1,b=1)",Search string," J. Mark Peaden, Tracey D. Tuberville, Kurt A. Buhlmann, Melia G. Nafus, and Brian D. Todd ""Delimiting road-effect zones for threatened species: implications for mitigation fencing,"" Wildlife Research 42(8), 650-659, (18 December 2015). https://doi.org/10.1071/WR15082 "
McGregor et al. ,2008,92,13,108,2002-2003,Mammals,"Rodentia (6 sp.), Carnivora (1 sp.), Eulipotyphla (1 sp.)",Paved road,"Ottowa region, Canada",Forest,"1 (a=1,b=0)",Search string,"McGregor, R. L., Bender, D. J., & Fahrig, L. (2008). Do small mammals avoid roads because of the traffic?. Journal of Applied Ecology, 45(1), 117-123. "
Jones et al. ,2016,93,2,26,2009-2011,Mammals,"Rodentia (4 sp.), Dasyuromorphia (2 sp.), Peramelemorphia (1 sp.)","Dirt road, paved road ","Brisbane area, Australia",Forest,"1 (a=1,b=0)",Search string,"Jones, D. N., Bernede, L., Bond, A. R. F., Dexter, C., & Strong, C. L. (2016). Dust as a contributor to the road-effect zone: a case study from a minor forest road in Australia. Australasian Journal of Environmental Management, 23(1), 67-80."
Ascensao et al. ,2012,94,2,12,2008,Mammals,Rodentia (3 sp.),Highway,"Alentejo region, Portugal","Montado, agricultural","1 (a=1,b=0)",Search string,"Ascensao, F., Clevenger, A. P., Grilo, C., Filipe, J., & Santos-Reis, M. (2012). Highway verges as habitat providers for small mammals in agrosilvopastoral environments. Biodiversity and Conservation, 21(14), 3681-3697."
Marsh,2007,95,2,6,2001,Amphibians,Caudata (1 sp.),Gravel road,"Virginia, USA",Deciduous forest,"1 (a=1,b=0)",Search string,"Marsh, D. M. (2007). Edge effects of gated and ungated roads on terrestrial salamanders. The Journal of wildlife management, 71(2), 389-394."
Yahner et al.,2001B,98,1,16,1998-1999,"Reptiles, Amphibians","Caudata (3 sp.), Squamata (5 sp.)",Powerline,"Center County, Pennsylvania, USA",Forest,"1 (a=1,b=0)",Search string,"Yahner, R. H., Bramble, W. C., & Byrnes, W. R. (2001). Effect of vegetation maintenance of an electric transmission right-of-way on reptile and amphibian populations. Journal of Arboriculture, 27(1), 24-29."
Niemi & Hanowski,1984,99,5,128,1980-1982,Birds,"Passeriformes (32 sp.), Anseriformes (1 sp.), Pelecaniformes (1 sp.), Charadriiformes (1 sp.), Accipitriformes (1 sp.), Gruiformes (1 sp.)",Powerline,"Red lake peatland, Minnesota, USA","Grassland, shrubland, pine forest","1 (a=0,b=1)",Search string,"Niemi, G. J., & Hanowski, J. M. (1984). Effects of a transmission line on bird populations in the Red Lake Peatland, northern Minnesota. The Auk, 101(3), 487-498."
Braga et al. ,2015,100,2,28,2009-2010,Mammals,"Rodentia (6 sp.), Didelphimorphia (4 sp.)","Highway, unpaved road","Itatiaina region, Brazil",Atlantic forest,"1 (a=1,b=0)",Search string,"Braga, C. A. D. C., Prevedello, J. A., & Pires, M. R. S. (2015). Effects of cornfields on small mammal communities: a test in the Atlantic Forest hotspot. Journal of Mammalogy, 96(5), 938-945."
Marsh & Beckman,2004,101,3,12,2001-2002,Amphibians,Caudata (1 sp.),Gravel road,"Virginia, USA",Temperate forest,"2 (a=1,b=1)",Search string,"Marsh, D. M., & Beckman, N. G. (2004). Effects of forest roads on the abundance and activity of terrestrial salamanders. Ecological applications, 14(6), 1882-1891"
Meunier et al. ,1999B,103,3,27,1996-1997,Mammals,"Rodentia (2 sp.), Eulipotyphla (1 sp.)",Highway,"Nîmes, Bordeax & Niort, France","Plantation forest, agricultural, matoral","1 (a=1,b=0)",Search string,"Meunier, F. D., Corbin, J., Verheyden, C., & Jouventin, P. (1999). Effects of landscape type and extensive management on use of motorway roadsides by small mammals. Canadian Journal of Zoology, 77(1), 108-117."
Fleming,2001,105,2,32,1998-1999,Birds,Passeriformes (12 sp.),Pipeline,"Gold Creek, Alberta, Canada",Temperate forest,"1 (a=1,b=0)",Search string,"Fleming, W. D. (2001). Effects of pipeline rights-of-way on forest birds in the boreal forest of Alberta."
Letto,2013,107,4,24,2011,Mammals,"Eulipotyphla (1 sp.), Rodentia (1 sp.)","Powerline, highway","Newfoundland, Canada","Coniferous forest, tundra","1 (a=1,b=0)",Search string,"Living with linear features: impact of roads, recreational trails and transmission line rights-of-way on small mammals in Newfoundland (Doctoral dissertation, Memorial University of Newfoundland)."
Huijser & Berger,2000,108,1,2,1996,Mammals,Eulipotyphla (1 sp.),Paved road,"Gelderland & Overijssel, the Netherlands",Grassland,"2 (a=1,b=1)",Search string,"Huijser, M. P., & Bergers, P. J. (2000). The effect of roads and traffic on hedgehog (Erinaceus europaeus) populations. Biological conservation, 95(1), 111-116."
Goosem,2000,109,8,96,1990-1993,Mammals,Rodentia (3 sp.),Gravel road,"Kuranda state forest, Australia",Mesophyll vine forest,"1 (a=1,b=0)",Search string,"Goosem, M. (2000). Effects of tropical rainforest roads on small mammals: edge changes in community composition. Wildlife Research, 27(2), 151-163."
Goosem,2002,110,2,30,1998-1999,Mammals,Rodentia (3 sp.),Gravel road,"State Forest 185, Australia",Vine forest,"2 (a=1,b=1)",Search string,"Goosem, M. (2002). Effects of tropical rainforest roads on small mammals: fragmentation, edge effects and traffic disturbance. Wildlife Research, 29(3), 277-289."
Rotenberry & Knick,1995,111,2,20,1991,Birds,Passeriformes (5 sp.),Paved road,"Snake river plains, Idaho, USA","Grassland, shrubland","1 (a=1,b=0)",Search string,"Rotenberry, J. T., & Knick, S. T. (1995). Evaluation of bias in roadside point count surveys of passerines in shrubsteppe and grassland habitats in southwestern Idaho. In: Ralph, C. John; Sauer, John R.; Droege, Sam, technical editors. 1995. Monitoring bird populations by point counts. Gen. Tech. Rep. PSW-GTR-149. Albany, CA: US Department of Agriculture, Forest Service, Pacific Southwest Research Station: p. 99-102, 149."
Lambertucci et al. ,2009,112,1,10,NA,Birds,"Cathartiformes (2 sp.), Falconiformes (2 sp.), Accipitriformes (1 sp.)",Paved road,"Neuquen, Argentina",Grassland,"1 (a=1,b=0)",Search string,"Lambertucci, S. A., Speziale, K. L., Rogers, T. E., & Morales, J. M. (2009). How do roads affect the habitat use of an assemblage of scavenging raptors?. Biodiversity and Conservation, 18(8), 2063-2074."
Ji et al. ,2017,114,3,12,NA,Mammals,Rodentia (2 sp.),Paved road,"Mt. Kalamaili Nature Reserve, XinJiang, China",Desert,"1 (a=1,b=0)",Search string,"Ji, S., Jiang, Z., Li, L., Li, C., Zhang, Y., Ren, S., ... & Chu, H. (2017). Impact of different road types on small mammals in Mt. Kalamaili Nature Reserve. Transportation Research Part D: Transport and Environment, 50, 223-233."
Bager & Rosa,2012,117,3,510,2008-2009,Birds,"Accipitriformes (4sp.), Anseriformes (5sp.), Apodiformes (1sp.), Charadriiformes (11sp.), Ciconiiformes (1sp.), Columbiformes (4sp.), Coraciiformes (2sp.), Cuculiformes (1sp.), Falconiformes (3sp.), Gruiformes (5sp.), Passeriformes (30sp.), Pelecaniformes (10sp.), Piciformes (2sp.), Podicipediformes (2sp.), Psittaciformes (1sp.), Strigiformes (1sp.), Suliformes (1sp.), Tinamiformes (1sp.)",Highway,"Banhado do Capao Seco, Banhado do Vinte e Cinco & Marisma da Ponte Petra, Brazil","Shrubland, peat bogs, wetland","1 (a=1,b=0)",Search string,"Bager, A., & da Rosa, C. A. (2012). Impacts of the BR-392 highway on bird communities in extreme southern Brazil. REVISTA BRASILEIRA DE ORNITOLOGIA, 20(1), 30-39."
Thompson et al. ,2015,118,1,66,2012-2014,Birds,Passeriformes (6 sp.),Paved road,"North Dakota, USA",Grassland,"1 (a=1,b=0)",Search string,"Thompson, S. J., Johnson, D. H., Niemuth, N. D., & Ribic, C. A. (2015). Avoidance of unconventional oil wells and roads exacerbates habitat loss for grassland birds in the North American Great Plains. Biological Conservation, 192, 82-90."
Clarke & White,2008,119,2,34,2001-2004,Mammals,"Peramelemorphia (2 sp.), Dasyuromorphia (2 sp.), Diprotodontia (1 sp.), Rodentia (4 sp.)",Powerline,"Southern Victoria, Australia",Forest,"1 (a=1,b=0)",Search string,"Clarke, D. J., & White, J. G. (2008). Recolonisation of powerline corridor vegetation by small mammals: timing and the influence of vegetation management. Landscape and urban planning, 87(2), 108-116."
Garcia et al. ,2007,121,2,7,1998,Reptiles,Squamata (1 sp.),"Paved road, unpaved road","Tenerife, Spain","Pine forest, Laurel forest","1 (a=1,b=0)",Search string,"García, J. D. D., Arévalo, J. R., & Fernández-Palacios, J. M. (2007). Road edge effect on the abundance of the lizard Gallotia galloti (Sauria: Lacertidae) in two Canary Islands forests. Biodiversity and Conservation, 16(10), 2949-2963."
Planilo & Malo,2013,122,1,3,2009,Mammals,Lagomorpha (1 sp.),Highway,"Madrid province, Spain",Grassland,"2 (a=1,b=1)",Search string,"Planillo, A., & Malo, J. E. (2013). Motorway verges: Paradise for prey species? A case study with the European rabbit. Mammalian Biology, 78(3), 187-192."
Aldridge,2017,123,1,18,2015,Amphibians,Caudata (3 sp.),Roads between 5-25m width,"Holly Springs National Forest, Mississippi, USA",Coniferous forest,"2 (a=1,b=1)",Search string,"Aldridge, Caleb Ashton, ""The effect of road crossings on stream-associated salamanders within Holly Springs National Forest"" (2017). Electronic Theses and Dissertations. 1274. https://egrove.olemiss.edu/etd/1274"
Lituma,2014,124,1,24,2010-2011,Birds,Passeriformes (8 sp.),Secondary roads with an average of 187 traffic volume,"Western Kentucky and Tennessee, USA",Grassland/agricultural,"1 (a=1,b=0)",Search string,"Lituma, Christopher Manuel, ""Regional Assessment of the Relationships of Conservation Practices to Northern Bobwhite and Other Priority Grassland Bird Breeding Populations. "" PhD diss., University of Tennessee, 2014. https://trace.tennessee.edu/utk_graddiss/2706"
Bissonette & Rosa,2009,125,1,4,2004,Mammals,Rodentia (2 sp.),Highway,"Beaver, Southwestern Utah, USA",Shrublands,"1 (a=1,b=0)",Search string,"Bissonette, J., & Rosa, S. (2009). Road Zone Effects in Small-Mammal Communities. Ecology and Society, 14(1). Retrieved April 21, 2020, from www.jstor.org/stable/26268027"
Yahner et al.,2001A,126,1,16,1999-2000,Amphibians-Reptiles,"Anura (1 sp.), Cuadata (3 sp.), Squamata (3 sp.), Testudines (1 sp.)",Powerline,"Montgomery County, Pennsylvania, USA",Mixed forest,"1 (a=1,b=0)",Search string,"Yahner, R. H., Bramble, W. C., & Byrnes, W. R. (2001). Response of amphibian and reptile populations to vegetation maintenance of an electric transmission line right-of-way. Journal of Arboriculture, 27(4), 215-221."
Maynar et al. ,2016,127,1,189,2013,Amphibians-Reptiles,"Anura (41 sp.), Cuadata (1 sp.), Squamata (21 sp.)",Dirt road,"Amazonian province of Orellana, Ecuador",Secondary forest,"1 (a=1,b=0)",Search string,"Maynard, R. J., Aall, N. C., Saenz, D., Hamilton, P. S., & Kwiatkowski, M. A. (2016). Road-edge effects on herpetofauna in a lowland Amazonian rainforest.�Tropical Conservation Science,�9(1), 264-290."
Nafus et al.,2013,128,3,18,2012,Reptiles,Testudines (1 sp.),"Dirt road, paved road","jave Desert, California, USA",Desert,"1 (a=1,b=0)",Search string,"Nafus, M. G., Tuberville, T. D., Buhlmann, K. A., & Todd, B. D. (2013). Relative abundance and demographic structure of Agassiz�s desert tortoise (Gopherus agassizii) along roads of varying size and traffic volume.�Biological Conservation,�162, 100-106."
Tanner & Perry,2007,129,5,25,2004,Reptiles,Squamata (1 sp.),Paved road,"Santa Cruz, Galapagos, Ecuador","Mangrove forest, desert, desert shrubland, arid woodland","2 (a=1,b=1)",Search string,"Tanner, D., & Perry, J. (2007). Road effects on abundance and fitness of Gal�pagos lava lizards (Microlophus albemarlensis). Journal of Environmental Management, 85(2), 270-278."
Goldingay & Whelan,1997,130,2,23,1995,Mammals,"Dasyuromorphia (1 sp.), Rodentia (1 sp.)",Powerline,"New South Wales, Australia",Eucalypt forest,"1 (a=1,b=0)",Search string,"Goldingay, R. L., & Whelan, R. J. (1997). Powerline easements: do they promote edge effects in eucalypt forest for small mammals?. Wildlife Research, 24(6), 737-744."
Semlitsch et al.,2007,131,1,6,2000-2003,Amphibians,Caudata (1 sp.),"Paved road, gravel road","Highlands Ranger District of the Nantahala National Forest, North Carolina, USA",Deciduous forest,"1 (a=1,b=0)",Search string,"Semlitsch, R. D., Ryan, T. J., Hamed, K., Chatfield, M., Drehman, B., Pekarek, N., ... & Watland, A. (2007). Salamander abundance along road edges and within abandoned logging roads in Appalachian forests. Conservation biology, 21(1), 159-167."
Vargas-Salinas & Amezquita,2013,132,1,2,2009,Amphibians,Anura (1 sp.),Paved road,"Forest Reserve of Yotoco, Colombia",Andean forest,"1 (a=1,b=0)",Search string,"Vargas-Salinas, F., & Am�zquita, A. (2013). Traffic noise correlates with calling time but not spatial distribution in the threatened poison frog Andinobates bombetes. Behaviour, 150(6), 569-584."
Sabino-Marques & Mira ,2012,133,1,6,2007,Mammals,"Rodentia (2 sp.), Eulipotyphla (1 sp.)",Paved road,"Evora, Portugal",Grassland,"1 (a=1,b=0)",Search string,"Sabino-Marques, H., & Mira, A. (2011). Living on the verge: are roads a more suitable refuge for small mammals than streams in Mediterranean pastureland?. Ecological research, 26(2), 277-287."
Brearley et al. ,2010,134,1,3,2007-2008,Mammals,Diprotodontia (1 sp.),Paved road,"Brisbane, Australia",Lowland forest,"1 (a=1,b=0)",Search string,"Brearley, G., Bradley, A., Bell, S., & McAlpine, C. (2010). Influence of contrasting urban edges on the abundance of arboreal mammals: a study of squirrel gliders (Petaurus norfolcensis) in southeast Queensland, Australia. Biological Conservation, 143(1), 60-71."
Carthew et al.,2013B,135,1,8,2004-2005,Mammals,"Diprotodontia (1 sp.), Rodentia (1 sp.)",Paved road,"Padthaway, Australia",Sandy heathland,"1 (a=1,b=0)",Search string,"Carthew, S. M., Garrett, L. A., & Ruykys, L. (2013). Roadside vegetation can provide valuable habitat for small, terrestrial fauna in South Australia. Biodiversity and conservation, 22(3), 737-754."
Jack,2014,136,2,284,2012,Birds,"Caprimulgiformes (1 sp.), Columbiformes (1 sp.), Passeriformes (38 sp.), Piciformes (3 sp.)",Highway,"South-east of Ontario, Canada",Mixed forest,"1 (a=1,b=0)",Search string,"Jack, J. R. (2014). Investigating the role of mortality in explaining the negative road effect on birds (Doctoral dissertation, Carleton University)."
Lee,2006,137,1,6,2003-2004,Mammals,"Diprotodontia (2 sp.), Diprotodontia (1 genus)",Paved road,"Fowlers Gap, Australia",Shrubland,"1 (a=1,b=0)",Search string,"Lee, E. (2006). The ecological effects of sealed roads in arid ecosystems (Doctoral dissertation, University of New South Wales)."
Ruiz-Capillas et al.,2013,138,2,9,2009-2011,Mammals,"Rodentia (2 sp.), Eulipotyphla (1 sp.)",Highway,"Avila, Spain",Mediterranean forest,"1 (a=1,b=0)",Search string,"Ruiz-Capillas, P., Mata, C., & Malo, J. E. (2013). Road verges are refuges for small mammal populations in extensively managed Mediterranean landscapes. Biological conservation, 158, 223-229."
Hunkapiller et al. ,2009,139,1,31,2004-2005,Amphibians-Reptiles,"Caudata (2 sp.), Anura (1 sp.), Squamata (13 sp.)",Dirt trail,"Texas, USA",Mixed forest,"1 (a=1,b=0)",Search string,"Hunkapiller, T. R., Ford, N. B., & Herriman, K. (2009). The effects of all-terrain vehicle use on the herpetofauna of an east Texas floodplain. Texas Journal of Science, 61(1), 3-14."
Knight & Kawashima,1993,140,2,8,1989,Birds,"Accipitriformes (1 sp.), Passeriformes (1 sp.)","Highway, powerline","Mojave desert, San Bernadino, USA",Desert,"2 (a=1,b=1)",Search string,"Knight, R. L., & Kawashima, J. Y. (1993). Responses of raven and red-tailed hawk populations to linear right-of-ways. The Journal of wildlife management, 266-271."
Cappa et al. ,2020,142,4,33,2014-2016,Mammals,"Cetartiodactyla (1 sp.), artiodactyla (1 sp.), Perissodactyla (1 sp.)","Paved road, unpaved road","Ischigualasto Provincial Park, Argentina",Open shrubland ,"1 (a=1,b=0)",Suggested by author,"Cappa, F. M., Giannoni, S. M., Ontiveros, Y., & Borghi, C. E. Direct and indirect effects of roads on activity patterns of the largest South American artiodactyl (Lama guanicoe) in a hyper‑arid landscape. Mammalian biology, 100, 453-461"
Barton & Holmes,2007,144,1,40,2002-2004,Birds,"Passeriformes (18 sp.), Piciformes (1 sp.), Columbiformes (1 sp.)",Dirt road,"California, USA",Shrubland,"1 (a=1,b=0)",Search string,"Barton, D. C., & Holmes, A. L. (2007). off?highway vehicle trail impacts on breeding songbirds in northeastern California. The Journal of wildlife management, 71(5), 1617-1620."
King et al. ,1996,145,1,2,1982-1985,Mammals,Rodentia (1 sp.),Dirt road,"New Zealand, Oceania",Forest,"1 (a=1,b=0)",Search string,"King, C. M., Innes, J. G., Flux, M., & Kimberley, M. O. (1996). Population biology of small mammals in Pureora Forest Park: 2. The feral house mouse (Mus musculus). New Zealand Journal of Ecology, 253-269."
Bramble et al. ,1984,146,1,74,1982,Birds,"Passeriformes (32 sp.), Piciformes (2 sp.), Strigiformes (1 sp.), Accipitriformes (1 sp.), Galliformes (1 sp.)",Powerline,"Pennsylvania, USA",Oak-hickory forest,"1 (a=1,b=0)",Search string,"Bramble, W. C., Byrnes, W. R., & Schuler, M. D. (1984). The bird population of a transmission right-of-way maintained by herbicides. J. Arbor, 10, 13-20."
Vargas-salinas,2011,147,1,42,2006,"Amphibians, Reptiles","Anura (8 sp.), Squamata (13 sp.)",Paved road,"Yotoco region, Colombia",Sub-andean forest,"1 (a=1,b=0)",Beebee et al. 2013,"Vargas-Salinas, F., Delgado-Ospina, I., & Lopez-Aranda, F. (2011). Amphibians and reptiles killed by motor vehicles in a Sub-Andean forest in western Colombia. Caldasia, 33(1), 121-138."
Ward et al. ,2008,148,1,12,2004,Amphibians,Caudata (5 sp.),Paved road,"West Virginia, USA",Forest,"2 (a=1,b=1)",Beebee et al. 2013,"Ward, R. L., Anderson, J. T., & Petty, J. T. (2008). Effects of road crossings on stream and streamside salamanders. The Journal of Wildlife Management, 72(3), 760-771."
Medinas et al. ,2019,149,2,114,2015,Mammals,Chiroptera (12 sp.),Paved road,"Portugal, Europe","Woodland, agricultural","2 (a=1,b=1)",Discussion literature,"Medinas, D., Ribeiro, V., Marques, J. T., Silva, B., Barbosa, A. M., Rebelo, H., & Mira, A. (2019). Road effects on bat activity depend on surrounding habitat type. Science of the Total Environment, 660, 340-347."
